"Date","Time (LST)","Predicted (m)","Preliminary (m)","Verified (m)"
"2022/06/15","00:00","1.56","-","1.577"
"2022/06/15","01:00","1.063","-","1.077"
"2022/06/15","02:00","0.516","-","0.527"
"2022/06/15","03:00","0.015","-","0.031"
"2022/06/15","04:00","-0.353","-","-0.319"
"2022/06/15","05:00","-0.524","-","-0.514"
"2022/06/15","06:00","-0.478","-","-0.434"
"2022/06/15","07:00","-0.239","-","-0.202"
"2022/06/15","08:00","0.126","-","0.172"
"2022/06/15","09:00","0.529","-","0.546"
"2022/06/15","10:00","0.88","-","0.902"
"2022/06/15","11:00","1.116","-","1.136"
"2022/06/15","12:00","1.212","-","1.224"
"2022/06/15","13:00","1.183","-","1.192"
"2022/06/15","14:00","1.076","-","1.076"
"2022/06/15","15:00","0.955","-","0.953"
"2022/06/15","16:00","0.885","-","0.874"
"2022/06/15","17:00","0.914","-","0.921"
"2022/06/15","18:00","1.064","-","1.076"
"2022/06/15","19:00","1.316","-","1.337"
"2022/06/15","20:00","1.618","-","1.62"
"2022/06/15","21:00","1.891","-","1.914"
"2022/06/15","22:00","2.054","-","2.088"
"2022/06/15","23:00","2.046","-","2.071"
"2022/06/16","00:00","1.842","-","1.863"
"2022/06/16","01:00","1.461","-","1.486"
"2022/06/16","02:00","0.961","-","0.986"
"2022/06/16","03:00","0.425","-","0.458"
"2022/06/16","04:00","-0.052","-","-0.014"
"2022/06/16","05:00","-0.388","-","-0.349"
"2022/06/16","06:00","-0.524","-","-0.484"
"2022/06/16","07:00","-0.446","-","-0.415"
"2022/06/16","08:00","-0.185","-","-0.152"
"2022/06/16","09:00","0.19","-","0.235"
"2022/06/16","10:00","0.588","-","0.632"
"2022/06/16","11:00","0.927","-","0.976"
"2022/06/16","12:00","1.15","-","1.196"
"2022/06/16","13:00","1.236","-","1.27"
"2022/06/16","14:00","1.202","-","1.246"
"2022/06/16","15:00","1.094","-","1.115"
"2022/06/16","16:00","0.975","-","1.005"
"2022/06/16","17:00","0.907","-","0.937"
"2022/06/16","18:00","0.935","-","0.98"
"2022/06/16","19:00","1.078","-","1.106"
"2022/06/16","20:00","1.314","-","1.352"
"2022/06/16","21:00","1.59","-","1.642"
"2022/06/16","22:00","1.831","-","1.859"
"2022/06/16","23:00","1.964","-","1.987"
"2022/06/17","00:00","1.933","-","1.981"
"2022/06/17","01:00","1.722","-","1.771"
"2022/06/17","02:00","1.35","-","1.384"
"2022/06/17","03:00","0.873","-","0.918"
"2022/06/17","04:00","0.372","-","0.419"
"2022/06/17","05:00","-0.064","-","-0.005"
"2022/06/17","06:00","-0.358","-","-0.302"
"2022/06/17","07:00","-0.457","-","-0.386"
"2022/06/17","08:00","-0.355","-","-0.291"
"2022/06/17","09:00","-0.084","-","-0.031"
"2022/06/17","10:00","0.284","-","0.331"
"2022/06/17","11:00","0.668","-","0.684"
"2022/06/17","12:00","0.989","-","1.032"
"2022/06/17","13:00","1.196","-","1.242"
"2022/06/17","14:00","1.271","-","1.298"
"2022/06/17","15:00","1.23","-","1.24"
"2022/06/17","16:00","1.118","-","1.14"
"2022/06/17","17:00","0.994","-","1.002"
"2022/06/17","18:00","0.917","-","0.913"
"2022/06/17","19:00","0.93","-","0.943"
"2022/06/17","20:00","1.049","-","1.073"
"2022/06/17","21:00","1.253","-","1.275"
"2022/06/17","22:00","1.492","-","1.506"
"2022/06/17","23:00","1.699","-","1.737"
"2022/06/18","00:00","1.808","-","1.847"
"2022/06/18","01:00","1.772","-","1.793"
"2022/06/18","02:00","1.575","-","1.613"
"2022/06/18","03:00","1.235","-","1.287"
"2022/06/18","04:00","0.804","-","0.859"
"2022/06/18","05:00","0.357","-","0.37"
"2022/06/18","06:00","-0.026","-","0.041"
"2022/06/18","07:00","-0.271","-","-0.233"
"2022/06/18","08:00","-0.337","-","-0.306"
"2022/06/18","09:00","-0.217","-","-0.195"
"2022/06/18","10:00","0.052","-","0.069"
"2022/06/18","11:00","0.407","-","0.427"
"2022/06/18","12:00","0.77","-","0.814"
"2022/06/18","13:00","1.071","-","1.115"
"2022/06/18","14:00","1.261","-","1.284"
"2022/06/18","15:00","1.323","-","1.335"
"2022/06/18","16:00","1.272","-","1.271"
"2022/06/18","17:00","1.148","-","1.156"
"2022/06/18","18:00","1.009","-","1.016"
"2022/06/18","19:00","0.911","-","0.904"
"2022/06/18","20:00","0.895","-","0.904"
"2022/06/18","21:00","0.974","-","0.975"
"2022/06/18","22:00","1.134","-","1.124"
"2022/06/18","23:00","1.331","-","1.301"
"2022/06/19","00:00","1.508","-","1.477"
"2022/06/19","01:00","1.606","-","1.609"
"2022/06/19","02:00","1.581","-","1.578"
"2022/06/19","03:00","1.417","-","1.417"
"2022/06/19","04:00","1.128","-","1.115"
"2022/06/19","05:00","0.758","-","0.754"
"2022/06/19","06:00","0.376","-","0.379"
"2022/06/19","07:00","0.056","-","0.049"
"2022/06/19","08:00","-0.141","-","-0.144"
"2022/06/19","09:00","-0.176","-","-0.185"
"2022/06/19","10:00","-0.046","-","-0.073"
"2022/06/19","11:00","0.217","-","0.2"
"2022/06/19","12:00","0.555","-","0.54"
"2022/06/19","13:00","0.898","-","0.911"
"2022/06/19","14:00","1.178","-","1.141"
"2022/06/19","15:00","1.349","-","1.303"
"2022/06/19","16:00","1.393","-","1.336"
"2022/06/19","17:00","1.324","-","1.264"
"2022/06/19","18:00","1.179","-","1.121"
"2022/06/19","19:00","1.014","-","0.958"
"2022/06/19","20:00","0.882","-","0.815"
"2022/06/19","21:00","0.822","-","0.765"
"2022/06/19","22:00","0.853","-","0.821"
"2022/06/19","23:00","0.965","-","0.939"
"2022/06/20","00:00","1.125","-","1.092"
"2022/06/20","01:00","1.282","-","1.249"
"2022/06/20","02:00","1.383","-","1.385"
"2022/06/20","03:00","1.385","-","1.378"
"2022/06/20","04:00","1.267","-","1.278"
"2022/06/20","05:00","1.039","-","1.042"
"2022/06/20","06:00","0.74","-","0.742"
"2022/06/20","07:00","0.429","-","0.428"
"2022/06/20","08:00","0.17","-","0.162"
"2022/06/20","09:00","0.019","-","0.02"
"2022/06/20","10:00","0.01","-","0.017"
"2022/06/20","11:00","0.148","-","0.167"
"2022/06/20","12:00","0.404","-","0.449"
"2022/06/20","13:00","0.726","-","0.751"
"2022/06/20","14:00","1.048","-","1.073"
"2022/06/20","15:00","1.306","-","1.327"
"2022/06/20","16:00","1.453","-","1.46"
"2022/06/20","17:00","1.471","-","1.49"
"2022/06/20","18:00","1.373","-","1.394"
"2022/06/20","19:00","1.197","-","1.216"
"2022/06/20","20:00","0.994","-","1.019"
"2022/06/20","21:00","0.817","-","0.85"
"2022/06/20","22:00","0.708","-","0.746"
"2022/06/20","23:00","0.691","-","0.737"
"2022/06/21","00:00","0.763","-","0.811"
"2022/06/21","01:00","0.898","-","0.977"
"2022/06/21","02:00","1.051","-","1.133"
"2022/06/21","03:00","1.169","-","1.247"
"2022/06/21","04:00","1.208","-","1.309"
"2022/06/21","05:00","1.143","-","1.254"
"2022/06/21","06:00","0.981","-","1.064"
"2022/06/21","07:00","0.752","-","0.856"
"2022/06/21","08:00","0.508","-","0.609"
"2022/06/21","09:00","0.305","-","0.393"
"2022/06/21","10:00","0.195","-","0.283"
"2022/06/21","11:00","0.209","-","0.313"
"2022/06/21","12:00","0.355","-","0.469"
"2022/06/21","13:00","0.606","-","0.721"
"2022/06/21","14:00","0.914","-","1.041"
"2022/06/21","15:00","1.214","-","1.317"
"2022/06/21","16:00","1.443","-","1.531"
"2022/06/21","17:00","1.557","-","1.632"
"2022/06/21","18:00","1.539","-","1.621"
"2022/06/21","19:00","1.402","-","1.48"
"2022/06/21","20:00","1.183","-","1.264"
"2022/06/21","21:00","0.935","-","1.002"
"2022/06/21","22:00","0.711","-","0.78"
"2022/06/21","23:00","0.558","-","0.633"
"2022/06/22","00:00","0.505","-","0.591"
"2022/06/22","01:00","0.555","-","0.638"
"2022/06/22","02:00","0.683","-","0.777"
"2022/06/22","03:00","0.847","-","0.95"
"2022/06/22","04:00","0.992","-","1.107"
"2022/06/22","05:00","1.073","-","1.183"
"2022/06/22","06:00","1.062","-","1.154"
"2022/06/22","07:00","0.96","-","1.05"
"2022/06/22","08:00","0.792","-","0.87"
"2022/06/22","09:00","0.604","-","0.671"
"2022/06/22","10:00","0.448","-","0.514"
"2022/06/22","11:00","0.373","-","0.466"
"2022/06/22","12:00","0.41","-","0.512"
"2022/06/22","13:00","0.566","-","0.656"
"2022/06/22","14:00","0.815","-","0.917"
"2022/06/22","15:00","1.108","-","1.186"
"2022/06/22","16:00","1.381","-","1.457"
"2022/06/22","17:00","1.574","-","1.641"
"2022/06/22","18:00","1.645","-","1.686"
"2022/06/22","19:00","1.579","-","1.582"
"2022/06/22","20:00","1.392","-","1.475"
"2022/06/22","21:00","1.124","-","1.207"
"2022/06/22","22:00","0.829","-","0.899"
"2022/06/22","23:00","0.567","-","0.674"
"2022/06/23","00:00","0.386","-","0.522"
"2022/06/23","01:00","0.318","-","0.448"
"2022/06/23","02:00","0.367","-","0.463"
"2022/06/23","03:00","0.509","-","0.587"
"2022/06/23","04:00","0.696","-","0.843"
"2022/06/23","05:00","0.874","-","0.993"
"2022/06/23","06:00","0.995","-","1.1"
"2022/06/23","07:00","1.028","-","1.158"
"2022/06/23","08:00","0.973","-","1.111"
"2022/06/23","09:00","0.851","-","0.968"
"2022/06/23","10:00","0.705","-","0.83"
"2022/06/23","11:00","0.587","-","0.707"
"2022/06/23","12:00","0.543","-","0.717"
"2022/06/23","13:00","0.603","-","0.742"
"2022/06/23","14:00","0.771","-","0.893"
"2022/06/23","15:00","1.018","-","1.131"
"2022/06/23","16:00","1.293","-","1.413"
"2022/06/23","17:00","1.533","-","1.644"
"2022/06/23","18:00","1.681","-","1.76"
"2022/06/23","19:00","1.698","-","1.802"
"2022/06/23","20:00","1.574","-","1.663"
"2022/06/23","21:00","1.332","-","1.438"
"2022/06/23","22:00","1.014","-","1.124"
"2022/06/23","23:00","0.682","-","0.78"
"2022/06/24","00:00","0.398","-","0.513"
"2022/06/24","01:00","0.212","-","0.324"
"2022/06/24","02:00","0.155","-","0.282"
"2022/06/24","03:00","0.225","-","0.384"
"2022/06/24","04:00","0.395","-","0.517"
"2022/06/24","05:00","0.614","-","0.745"
"2022/06/24","06:00","0.823","-","0.957"
"2022/06/24","07:00","0.973","-","1.128"
"2022/06/24","08:00","1.036","-","1.169"
"2022/06/24","09:00","1.008","-","1.136"
"2022/06/24","10:00","0.915","-","1.056"
"2022/06/24","11:00","0.799","-","0.946"
"2022/06/24","12:00","0.711","-","0.845"
"2022/06/24","13:00","0.697","-","0.843"
"2022/06/24","14:00","0.781","-","0.897"
"2022/06/24","15:00","0.961","-","1.077"
"2022/06/24","16:00","1.204","-","1.319"
"2022/06/24","17:00","1.457","-","1.546"
"2022/06/24","18:00","1.657","-","1.739"
"2022/06/24","19:00","1.751","-","1.853"
"2022/06/24","20:00","1.705","-","1.809"
"2022/06/24","21:00","1.518","-","1.621"
"2022/06/24","22:00","1.22","-","1.318"
"2022/06/24","23:00","0.861","-","0.942"
"2022/06/25","00:00","0.509","-","0.638"
"2022/06/25","01:00","0.226","-","0.352"
"2022/06/25","02:00","0.06","-","0.196"
"2022/06/25","03:00","0.036","-","0.162"
"2022/06/25","04:00","0.145","-","0.296"
"2022/06/25","05:00","0.352","-","0.483"
"2022/06/25","06:00","0.601","-","0.714"
"2022/06/25","07:00","0.833","-","0.971"
"2022/06/25","08:00","0.997","-","1.118"
"2022/06/25","09:00","1.069","-","1.183"
"2022/06/25","10:00","1.05","-","1.178"
"2022/06/25","11:00","0.97","-","1.084"
"2022/06/25","12:00","0.874","-","0.996"
"2022/06/25","13:00","0.813","-","0.917"
"2022/06/25","14:00","0.828","-","0.927"
"2022/06/25","15:00","0.937","-","1.018"
"2022/06/25","16:00","1.128","-","1.191"
"2022/06/25","17:00","1.366","-","1.432"
"2022/06/25","18:00","1.592","-","1.655"
"2022/06/25","19:00","1.745","-","1.833"
"2022/06/25","20:00","1.777","-","1.871"
"2022/06/25","21:00","1.663","-","1.725"
"2022/06/25","22:00","1.413","-","1.485"
"2022/06/25","23:00","1.066","-","1.144"
"2022/06/26","00:00","0.682","-","0.769"
"2022/06/26","01:00","0.33","-","0.432"
"2022/06/26","02:00","0.071","-","0.189"
"2022/06/26","03:00","-0.052","-","0.055"
"2022/06/26","04:00","-0.027","-","0.059"
"2022/06/26","05:00","0.13","-","0.224"
"2022/06/26","06:00","0.375","-","0.479"
"2022/06/26","07:00","0.647","-","0.74"
"2022/06/26","08:00","0.886","-","0.947"
"2022/06/26","09:00","1.046","-","1.12"
"2022/06/26","10:00","1.108","-","1.184"
"2022/06/26","11:00","1.082","-","1.132"
"2022/06/26","12:00","1.005","-","1.069"
"2022/06/26","13:00","0.926","-","0.994"
"2022/06/26","14:00","0.891","-","0.95"
"2022/06/26","15:00","0.936","-","0.982"
"2022/06/26","16:00","1.069","-","1.116"
"2022/06/26","17:00","1.271","-","1.315"
"2022/06/26","18:00","1.499","-","1.534"
"2022/06/26","19:00","1.693","-","1.716"
"2022/06/26","20:00","1.793","-","1.824"
"2022/06/26","21:00","1.758","-","1.808"
"2022/06/26","22:00","1.577","-","1.609"
"2022/06/26","23:00","1.27","-","1.325"
"2022/06/27","00:00","0.888","-","0.954"
"2022/06/27","01:00","0.497","-","0.544"
"2022/06/27","02:00","0.167","-","0.233"
"2022/06/27","03:00","-0.049","-","0.015"
"2022/06/27","04:00","-0.116","-","-0.067"
"2022/06/27","05:00","-0.032","-","0.015"
"2022/06/27","06:00","0.173","-","0.232"
"2022/06/27","07:00","0.449","-","0.51"
"2022/06/27","08:00","0.73","-","0.771"
"2022/06/27","09:00","0.959","-","1.028"
"2022/06/27","10:00","1.097","-","1.129"
"2022/06/27","11:00","1.136","-","1.17"
"2022/06/27","12:00","1.096","-","1.147"
"2022/06/27","13:00","1.019","-","1.064"
"2022/06/27","14:00","0.956","-","0.974"
"2022/06/27","15:00","0.948","-","0.968"
"2022/06/27","16:00","1.023","-","1.037"
"2022/06/27","17:00","1.18","-","1.22"
"2022/06/27","18:00","1.39","-","1.402"
"2022/06/27","19:00","1.603","-","1.622"
"2022/06/27","20:00","1.758","-","1.778"
"2022/06/27","21:00","1.8","-","1.839"
"2022/06/27","22:00","1.698","-","1.726"
"2022/06/27","23:00","1.454","-","1.475"
"2022/06/28","00:00","1.103","-","1.148"
"2022/06/28","01:00","0.703","-","0.73"
"2022/06/28","02:00","0.325","-","0.365"
"2022/06/28","03:00","0.032","-","0.067"
"2022/06/28","04:00","-0.126","-","-0.075"
"2022/06/28","05:00","-0.129","-","-0.08"
"2022/06/28","06:00","0.013","-","0.06"
"2022/06/28","07:00","0.261","-","0.301"
"2022/06/28","08:00","0.554","-","0.593"
"2022/06/28","09:00","0.828","-","0.86"
"2022/06/28","10:00","1.03","-","1.053"
"2022/06/28","11:00","1.135","-","1.154"
"2022/06/28","12:00","1.145","-","1.155"
"2022/06/28","13:00","1.09","-","1.103"
"2022/06/28","14:00","1.016","-","1.028"
"2022/06/28","15:00","0.97","-","0.971"
"2022/06/28","16:00","0.991","-","1.006"
"2022/06/28","17:00","1.096","-","1.101"
"2022/06/28","18:00","1.274","-","1.279"
"2022/06/28","19:00","1.486","-","1.496"
"2022/06/28","20:00","1.677","-","1.675"
"2022/06/28","21:00","1.785","-","1.816"
"2022/06/28","22:00","1.766","-","1.782"
"2022/06/28","23:00","1.601","-","1.601"
"2022/06/29","00:00","1.306","-","1.328"
"2022/06/29","01:00","0.926","-","0.955"
"2022/06/29","02:00","0.527","-","0.568"
"2022/06/29","03:00","0.177","-","0.218"
"2022/06/29","04:00","-0.064","-","-0.006"
"2022/06/29","05:00","-0.158","-","-0.101"
"2022/06/29","06:00","-0.096","-","-0.048"
"2022/06/29","07:00","0.098","-","0.146"
"2022/06/29","08:00","0.374","-","0.41"
"2022/06/29","09:00","0.669","-","0.693"
"2022/06/29","10:00","0.921","-","0.928"
"2022/06/29","11:00","1.088","-","1.097"
"2022/06/29","12:00","1.155","-","1.177"
"2022/06/29","13:00","1.138","-","1.14"
"2022/06/29","14:00","1.071","-","1.075"
"2022/06/29","15:00","1.003","-","1.002"
"2022/06/29","16:00","0.979","-","0.976"
"2022/06/29","17:00","1.029","-","1.041"
"2022/06/29","18:00","1.162","-","1.18"
"2022/06/29","19:00","1.354","-","1.364"
"2022/06/29","20:00","1.558","-","1.58"
"2022/06/29","21:00","1.716","-","1.736"
"2022/06/29","22:00","1.773","-","1.797"
"2022/06/29","23:00","1.693","-","1.695"
"2022/06/30","00:00","1.474","-","1.48"
"2022/06/30","01:00","1.142","-","1.163"
"2022/06/30","02:00","0.752","-","0.774"
"2022/06/30","03:00","0.37","-","0.4"
"2022/06/30","04:00","0.062","-","0.092"
"2022/06/30","05:00","-0.118","-","-0.062"
"2022/06/30","06:00","-0.145","-","-0.093"
"2022/06/30","07:00","-0.024","-","0.028"
"2022/06/30","08:00","0.211","-","0.242"
"2022/06/30","09:00","0.5","-","0.521"
"2022/06/30","10:00","0.782","-","0.806"
"2022/06/30","11:00","1.002","-","1.019"
"2022/06/30","12:00","1.13","-","1.148"
"2022/06/30","13:00","1.162","-","1.166"
"2022/06/30","14:00","1.121","-","1.126"
"2022/06/30","15:00","1.048","-","1.076"
"2022/06/30","16:00","0.991","-","1.02"
"2022/06/30","17:00","0.989","-","1.024"
"2022/06/30","18:00","1.067","-","1.123"
"2022/06/30","19:00","1.22","-","1.25"
"2022/06/30","20:00","1.414","-","1.446"
"2022/06/30","21:00","1.599","-","1.619"
"2022/06/30","22:00","1.715","-","1.749"
"2022/06/30","23:00","1.718","-","1.722"
"2022/07/01","00:00","1.584","-","1.595"
"2022/07/01","01:00","1.324","-","1.358"
"2022/07/01","02:00","0.973","-","1.022"
"2022/07/01","03:00","0.59","-","0.628"
"2022/07/01","04:00","0.241","-","0.291"
"2022/07/01","05:00","-0.012","-","0.044"
"2022/07/01","06:00","-0.127","-","-0.057"
"2022/07/01","07:00","-0.09","-","-0.009"
"2022/07/01","08:00","0.082","-","0.145"
"2022/07/01","09:00","0.342","-","0.395"
"2022/07/01","10:00","0.63","-","0.674"
"2022/07/01","11:00","0.888","-","0.902"
"2022/07/01","12:00","1.072","-","1.08"
"2022/07/01","13:00","1.161","-","1.175"
"2022/07/01","14:00","1.162","-","1.178"
"2022/07/01","15:00","1.104","-","1.098"
"2022/07/01","16:00","1.03","-","1.043"
"2022/07/01","17:00","0.984","-","0.996"
"2022/07/01","18:00","1.004","-","1.038"
"2022/07/01","19:00","1.101","-","1.137"
"2022/07/01","20:00","1.261","-","1.292"
"2022/07/01","21:00","1.445","-","1.451"
"2022/07/01","22:00","1.598","-","1.626"
"2022/07/01","23:00","1.669","-","1.703"
"2022/07/02","00:00","1.622","-","1.65"
"2022/07/02","01:00","1.447","-","1.463"
"2022/07/02","02:00","1.162","-","1.184"
"2022/07/02","03:00","0.811","-","0.843"
"2022/07/02","04:00","0.453","-","0.503"
"2022/07/02","05:00","0.151","-","0.195"
"2022/07/02","06:00","-0.04","-","0.005"
"2022/07/02","07:00","-0.089","-","-0.035"
"2022/07/02","08:00","0.005","-","0.076"
"2022/07/02","09:00","0.214","-","0.265"
"2022/07/02","10:00","0.486","-","0.5"
"2022/07/02","11:00","0.762","-","0.798"
"2022/07/02","12:00","0.99","-","1.021"
"2022/07/02","13:00","1.137","-","1.161"
"2022/07/02","14:00","1.191","-","1.195"
"2022/07/02","15:00","1.166","-","1.156"
"2022/07/02","16:00","1.093","-","1.08"
"2022/07/02","17:00","1.017","-","1.018"
"2022/07/02","18:00","0.981","-","0.997"
"2022/07/02","19:00","1.013","-","1.045"
"2022/07/02","20:00","1.118","-","1.154"
"2022/07/02","21:00","1.272","-","1.32"
"2022/07/02","22:00","1.433","-","1.464"
"2022/07/02","23:00","1.549","-","1.587"
"2022/07/03","00:00","1.577","-","1.591"
"2022/07/03","01:00","1.492","-","1.514"
"2022/07/03","02:00","1.293","-","1.311"
"2022/07/03","03:00","1.004","-","1.016"
"2022/07/03","04:00","0.671","-","0.724"
"2022/07/03","05:00","0.354","-","0.42"
"2022/07/03","06:00","0.11","-","0.169"
"2022/07/03","07:00","-0.016","-","0.049"
"2022/07/03","08:00","-0.003","-","0.048"
"2022/07/03","09:00","0.138","-","0.203"
"2022/07/03","10:00","0.37","-","0.413"
"2022/07/03","11:00","0.642","-","0.671"
"2022/07/03","12:00","0.898","-","0.925"
"2022/07/03","13:00","1.095","-","1.115"
"2022/07/03","14:00","1.206","-","1.205"
"2022/07/03","15:00","1.226","-","1.203"
"2022/07/03","16:00","1.174","-","1.159"
"2022/07/03","17:00","1.085","-","1.081"
"2022/07/03","18:00","1.003","-","0.999"
"2022/07/03","19:00","0.968","-","0.983"
"2022/07/03","20:00","1.001","-","1.008"
"2022/07/03","21:00","1.099","-","1.124"
"2022/07/03","22:00","1.235","-","1.266"
"2022/07/03","23:00","1.368","-","1.381"
"2022/07/04","00:00","1.452","-","1.464"
"2022/07/04","01:00","1.45","-","1.475"
"2022/07/04","02:00","1.345","-","1.383"
"2022/07/04","03:00","1.142","-","1.198"
"2022/07/04","04:00","0.868","-","0.94"
"2022/07/04","05:00","0.571","-","0.624"
"2022/07/04","06:00","0.306","-","0.397"
"2022/07/04","07:00","0.125","-","0.202"
"2022/07/04","08:00","0.062","-","0.151"
"2022/07/04","09:00","0.127","-","0.223"
"2022/07/04","10:00","0.302","-","0.384"
"2022/07/04","11:00","0.547","-","0.612"
"2022/07/04","12:00","0.811","-","0.859"
"2022/07/04","13:00","1.045","-","1.092"
"2022/07/04","14:00","1.209","-","1.253"
"2022/07/04","15:00","1.282","-","1.309"
"2022/07/04","16:00","1.266","-","1.282"
"2022/07/04","17:00","1.182","-","1.215"
"2022/07/04","18:00","1.07","-","1.114"
"2022/07/04","19:00","0.973","-","1.022"
"2022/07/04","20:00","0.926","-","0.978"
"2022/07/04","21:00","0.945","-","0.999"
"2022/07/04","22:00","1.026","-","1.072"
"2022/07/04","23:00","1.142","-","1.17"
"2022/07/05","00:00","1.252","-","1.298"
"2022/07/05","01:00","1.317","-","1.378"
"2022/07/05","02:00","1.305","-","1.364"
"2022/07/05","03:00","1.202","-","1.275"
"2022/07/05","04:00","1.015","-","1.087"
"2022/07/05","05:00","0.774","-","0.847"
"2022/07/05","06:00","0.524","-","0.645"
"2022/07/05","07:00","0.317","-","0.424"
"2022/07/05","08:00","0.196","-","0.288"
"2022/07/05","09:00","0.187","-","0.259"
"2022/07/05","10:00","0.292","-","0.364"
"2022/07/05","11:00","0.49","-","0.57"
"2022/07/05","12:00","0.741","-","0.808"
"2022/07/05","13:00","0.994","-","1.048"
"2022/07/05","14:00","1.204","-","1.245"
"2022/07/05","15:00","1.333","-","1.369"
"2022/07/05","16:00","1.365","-","1.379"
"2022/07/05","17:00","1.306","-","1.318"
"2022/07/05","18:00","1.183","-","1.22"
"2022/07/05","19:00","1.036","-","1.094"
"2022/07/05","20:00","0.909","-","0.945"
"2022/07/05","21:00","0.836","-","0.883"
"2022/07/05","22:00","0.833","-","0.908"
"2022/07/05","23:00","0.894","-","0.963"
"2022/07/06","00:00","0.994","-","1.061"
"2022/07/06","01:00","1.098","-","1.171"
"2022/07/06","02:00","1.165","-","1.251"
"2022/07/06","03:00","1.165","-","1.267"
"2022/07/06","04:00","1.084","-","1.202"
"2022/07/06","05:00","0.931","-","1.043"
"2022/07/06","06:00","0.734","-","0.823"
"2022/07/06","07:00","0.536","-","0.64"
"2022/07/06","08:00","0.383","-","0.471"
"2022/07/06","09:00","0.313","-","0.389"
"2022/07/06","10:00","0.345","-","0.398"
"2022/07/06","11:00","0.48","-","0.516"
"2022/07/06","12:00","0.694","-","0.74"
"2022/07/06","13:00","0.947","-","0.981"
"2022/07/06","14:00","1.189","-","1.219"
"2022/07/06","15:00","1.372","-","1.416"
"2022/07/06","16:00","1.464","-","1.517"
"2022/07/06","17:00","1.449","-","1.459"
"2022/07/06","18:00","1.339","-","1.349"
"2022/07/06","19:00","1.164","-","1.191"
"2022/07/06","20:00","0.968","-","1.01"
"2022/07/06","21:00","0.798","-","0.823"
"2022/07/06","22:00","0.689","-","0.744"
"2022/07/06","23:00","0.66","-","0.714"
"2022/07/07","00:00","0.708","-","0.736"
"2022/07/07","01:00","0.81","-","0.854"
"2022/07/07","02:00","0.927","-","0.991"
"2022/07/07","03:00","1.018","-","1.063"
"2022/07/07","04:00","1.051","-","1.108"
"2022/07/07","05:00","1.01","-","1.071"
"2022/07/07","06:00","0.9","-","0.955"
"2022/07/07","07:00","0.751","-","0.8"
"2022/07/07","08:00","0.599","-","0.654"
"2022/07/07","09:00","0.49","-","0.537"
"2022/07/07","10:00","0.456","-","0.449"
"2022/07/07","11:00","0.519","-","0.521"
"2022/07/07","12:00","0.676","-","0.681"
"2022/07/07","13:00","0.903","-","0.909"
"2022/07/07","14:00","1.157","-","1.14"
"2022/07/07","15:00","1.388","-","1.374"
"2022/07/07","16:00","1.545","-","1.553"
"2022/07/07","17:00","1.595","-","1.588"
"2022/07/07","18:00","1.527","-","1.518"
"2022/07/07","19:00","1.355","-","1.367"
"2022/07/07","20:00","1.117","-","1.144"
"2022/07/07","21:00","0.861","-","0.891"
"2022/07/07","22:00","0.638","-","0.635"
"2022/07/07","23:00","0.49","-","0.516"
"2022/07/08","00:00","0.442","-","0.459"
"2022/07/08","01:00","0.491","-","0.523"
"2022/07/08","02:00","0.612","-","0.643"
"2022/07/08","03:00","0.764","-","0.789"
"2022/07/08","04:00","0.899","-","0.945"
"2022/07/08","05:00","0.979","-","1.025"
"2022/07/08","06:00","0.986","-","1.028"
"2022/07/08","07:00","0.921","-","0.954"
"2022/07/08","08:00","0.811","-","0.852"
"2022/07/08","09:00","0.694","-","0.713"
"2022/07/08","10:00","0.613","-","0.633"
"2022/07/08","11:00","0.604","-","0.622"
"2022/07/08","12:00","0.688","-","0.688"
"2022/07/08","13:00","0.864","-","0.853"
"2022/07/08","14:00","1.104","-","1.08"
"2022/07/08","15:00","1.362","-","1.349"
"2022/07/08","16:00","1.582","-","1.575"
"2022/07/08","17:00","1.712","-","1.685"
"2022/07/08","18:00","1.718","-","1.682"
"2022/07/08","19:00","1.591","-","1.584"
"2022/07/08","20:00","1.351","-","1.348"
"2022/07/08","21:00","1.039","-","1.048"
"2022/07/08","22:00","0.715","-","0.723"
"2022/07/08","23:00","0.438","-","0.446"
"2022/07/09","00:00","0.258","-","0.256"
"2022/07/09","01:00","0.203","-","0.204"
"2022/07/09","02:00","0.27","-","0.271"
"2022/07/09","03:00","0.429","-","0.433"
"2022/07/09","04:00","0.631","-","0.63"
"2022/07/09","05:00","0.822","-","0.809"
"2022/07/09","06:00","0.955","-","0.95"
"2022/07/09","07:00","1.007","-","0.991"
"2022/07/09","08:00","0.979","-","0.967"
"2022/07/09","09:00","0.894","-","0.889"
"2022/07/09","10:00","0.795","-","0.761"
"2022/07/09","11:00","0.728","-","0.689"
"2022/07/09","12:00","0.734","-","0.721"
"2022/07/09","13:00","0.835","-","0.824"
"2022/07/09","14:00","1.029","-","1.011"
"2022/07/09","15:00","1.285","-","1.234"
"2022/07/09","16:00","1.55","-","1.492"
"2022/07/09","17:00","1.763","-","1.737"
"2022/07/09","18:00","1.867","-","1.837"
"2022/07/09","19:00","1.827","-","1.777"
"2022/07/09","20:00","1.637","-","1.602"
"2022/07/09","21:00","1.322","-","1.283"
"2022/07/09","22:00","0.935","-","0.915"
"2022/07/09","23:00","0.544","-","0.519"
"2022/07/10","00:00","0.22","-","0.201"
"2022/07/10","01:00","0.02","-","0.009"
"2022/07/10","02:00","-0.027","-","-0.051"
"2022/07/10","03:00","0.073","-","0.064"
"2022/07/10","04:00","0.283","-","0.303"
"2022/07/10","05:00","0.545","-","0.559"
"2022/07/10","06:00","0.793","-","0.795"
"2022/07/10","07:00","0.975","-","0.988"
"2022/07/10","08:00","1.061","-","1.054"
"2022/07/10","09:00","1.052","-","1.057"
"2022/07/10","10:00","0.976","-","0.987"
"2022/07/10","11:00","0.879","-","0.892"
"2022/07/10","12:00","0.816","-","0.813"
"2022/07/10","13:00","0.832","-","0.826"
"2022/07/10","14:00","0.949","-","0.948"
"2022/07/10","15:00","1.163","-","1.169"
"2022/07/10","16:00","1.437","-","1.406"
"2022/07/10","17:00","1.713","-","1.691"
"2022/07/10","18:00","1.92","-","1.91"
"2022/07/10","19:00","1.999","-","1.992"
"2022/07/10","20:00","1.912","-","1.899"
"2022/07/10","21:00","1.658","-","1.654"
"2022/07/10","22:00","1.27","-","1.276"
"2022/07/10","23:00","0.812","-","0.831"
"2022/07/11","00:00","0.365","-","0.398"
"2022/07/11","01:00","0.009","-","0.052"
"2022/07/11","02:00","-0.195","-","-0.124"
"2022/07/11","03:00","-0.219","-","-0.161"
"2022/07/11","04:00","-0.075","-","-0.021"
"2022/07/11","05:00","0.192","-","0.243"
"2022/07/11","06:00","0.511","-","0.574"
"2022/07/11","07:00","0.809","-","0.855"
"2022/07/11","08:00","1.025","-","1.067"
"2022/07/11","09:00","1.127","-","1.187"
"2022/07/11","10:00","1.119","-","1.206"
"2022/07/11","11:00","1.036","-","1.107"
"2022/07/11","12:00","0.932","-","0.984"
"2022/07/11","13:00","0.868","-","0.952"
"2022/07/11","14:00","0.89","-","0.943"
"2022/07/11","15:00","1.024","-","1.08"
"2022/07/11","16:00","1.26","-","1.328"
"2022/07/11","17:00","1.555","-","1.61"
"2022/07/11","18:00","1.842","-","1.886"
"2022/07/11","19:00","2.044","-","2.063"
"2022/07/11","20:00","2.097","-","2.141"
"2022/07/11","21:00","1.964","-","2.009"
"2022/07/11","22:00","1.649","-","1.695"
"2022/07/11","23:00","1.197","-","1.226"
"2022/07/12","00:00","0.683","-","0.71"
"2022/07/12","01:00","0.199","-","0.231"
"2022/07/12","02:00","-0.171","-","-0.129"
"2022/07/12","03:00","-0.363","-","-0.311"
"2022/07/12","04:00","-0.353","-","-0.286"
"2022/07/12","05:00","-0.159","-","-0.086"
"2022/07/12","06:00","0.162","-","0.225"
"2022/07/12","07:00","0.53","-","0.581"
"2022/07/12","08:00","0.861","-","0.908"
"2022/07/12","09:00","1.092","-","1.136"
"2022/07/12","10:00","1.191","-","1.233"
"2022/07/12","11:00","1.169","-","1.191"
"2022/07/12","12:00","1.068","-","1.098"
"2022/07/12","13:00","0.951","-","0.992"
"2022/07/12","14:00","0.883","-","0.915"
"2022/07/12","15:00","0.913","-","0.961"
"2022/07/12","16:00","1.064","-","1.119"
"2022/07/12","17:00","1.321","-","1.382"
"2022/07/12","18:00","1.634","-","1.706"
"2022/07/12","19:00","1.929","-","2.002"
"2022/07/12","20:00","2.122","-","2.199"
"2022/07/12","21:00","2.146","-","2.209"
"2022/07/12","22:00","1.97","-","1.999"
"2022/07/12","23:00","1.605","-","1.648"
"2022/07/13","00:00","1.106","-","1.178"
"2022/07/13","01:00","0.558","-","0.59"
"2022/07/13","02:00","0.06","-","0.094"
"2022/07/13","03:00","-0.302","-","-0.264"
"2022/07/13","04:00","-0.466","-","-0.439"
"2022/07/13","05:00","-0.413","-","-0.372"
"2022/07/13","06:00","-0.17","-","-0.137"
"2022/07/13","07:00","0.197","-","0.235"
"2022/07/13","08:00","0.596","-","0.609"
"2022/07/13","09:00","0.94","-","0.957"
"2022/07/13","10:00","1.164","-","1.173"
"2022/07/13","11:00","1.244","-","1.246"
"2022/07/13","12:00","1.197","-","1.215"
"2022/07/13","13:00","1.075","-","1.097"
"2022/07/13","14:00","0.943","-","0.982"
"2022/07/13","15:00","0.871","-","0.898"
"2022/07/13","16:00","0.908","-","0.964"
"2022/07/13","17:00","1.073","-","1.117"
"2022/07/13","18:00","1.346","-","1.392"
"2022/07/13","19:00","1.671","-","1.715"
"2022/07/13","20:00","1.964","-","2.024"
"2022/07/13","21:00","2.141","-","2.207"
"2022/07/13","22:00","2.136","-","2.182"
"2022/07/13","23:00","1.923","-","1.959"
"2022/07/14","00:00","1.524","-","1.556"
"2022/07/14","01:00","1.002","-","1.048"
"2022/07/14","02:00","0.448","-","0.482"
"2022/07/14","03:00","-0.04","-","0.02"
"2022/07/14","04:00","-0.373","-","-0.334"
"2022/07/14","05:00","-0.495","-","-0.464"
"2022/07/14","06:00","-0.394","-","-0.347"
"2022/07/14","07:00","-0.107","-","-0.074"
"2022/07/14","08:00","0.289","-","0.278"
"2022/07/14","09:00","0.7","-","0.709"
"2022/07/14","10:00","1.035","-","1.045"
"2022/07/14","11:00","1.236","-","1.233"
"2022/07/14","12:00","1.287","-","1.274"
"2022/07/14","13:00","1.211","-","1.203"
"2022/07/14","14:00","1.066","-","1.089"
"2022/07/14","15:00","0.92","-","0.963"
"2022/07/14","16:00","0.844","-","0.879"
"2022/07/14","17:00","0.885","-","0.912"
"2022/07/14","18:00","1.058","-","1.09"
"2022/07/14","19:00","1.337","-","1.371"
"2022/07/14","20:00","1.658","-","1.701"
"2022/07/14","21:00","1.937","-","1.983"
"2022/07/14","22:00","2.09","-","2.103"
"2022/07/14","23:00","2.057","-","2.07"
"2022/07/15","00:00","1.821","-","1.84"
"2022/07/15","01:00","1.41","-","1.42"
"2022/07/15","02:00","0.893","-","0.916"
"2022/07/15","03:00","0.36","-","0.385"
"2022/07/15","04:00","-0.09","-","-0.092"
"2022/07/15","05:00","-0.375","-","-0.359"
"2022/07/15","06:00","-0.445","-","-0.429"
"2022/07/15","07:00","-0.298","-","-0.284"
"2022/07/15","08:00","0.021","-","0.018"
"2022/07/15","09:00","0.429","-","0.414"
"2022/07/15","10:00","0.829","-","0.816"
"2022/07/15","11:00","1.139","-","1.144"
"2022/07/15","12:00","1.307","-","1.302"
"2022/07/15","13:00","1.323","-","1.333"
"2022/07/15","14:00","1.219","-","1.212"
"2022/07/15","15:00","1.053","-","1.051"
"2022/07/15","16:00","0.895","-","0.898"
"2022/07/15","17:00","0.813","-","0.806"
"2022/07/15","18:00","0.852","-","0.863"
"2022/07/15","19:00","1.022","-","1.053"
"2022/07/15","20:00","1.29","-","1.299"
"2022/07/15","21:00","1.591","-","1.596"
"2022/07/15","22:00","1.842","-","1.863"
"2022/07/15","23:00","1.966","-","1.983"
"2022/07/16","00:00","1.912","-","1.92"
"2022/07/16","01:00","1.671","-","1.684"
"2022/07/16","02:00","1.274","-","1.301"
"2022/07/16","03:00","0.789","-","0.797"
"2022/07/16","04:00","0.306","-","0.334"
"2022/07/16","05:00","-0.084","-","-0.061"
"2022/07/16","06:00","-0.306","-","-0.301"
"2022/07/16","07:00","-0.32","-","-0.306"
"2022/07/16","08:00","-0.134","-","-0.104"
"2022/07/16","09:00","0.201","-","0.212"
"2022/07/16","10:00","0.6","-","0.605"
"2022/07/16","11:00","0.974","-","0.991"
"2022/07/16","12:00","1.247","-","1.274"
"2022/07/16","13:00","1.376","-","1.415"
"2022/07/16","14:00","1.359","-","1.361"
"2022/07/16","15:00","1.229","-","1.217"
"2022/07/16","16:00","1.044","-","1.061"
"2022/07/16","17:00","0.875","-","0.895"
"2022/07/16","18:00","0.784","-","0.793"
"2022/07/16","19:00","0.812","-","0.828"
"2022/07/16","20:00","0.962","-","1.007"
"2022/07/16","21:00","1.201","-","1.262"
"2022/07/16","22:00","1.467","-","1.515"
"2022/07/16","23:00","1.682","-","1.711"
"2022/07/17","00:00","1.779","-","1.814"
"2022/07/17","01:00","1.718","-","1.762"
"2022/07/17","02:00","1.492","-","1.535"
"2022/07/17","03:00","1.134","-","1.181"
"2022/07/17","04:00","0.708","-","0.734"
"2022/07/17","05:00","0.297","-","0.344"
"2022/07/17","06:00","-0.017","-","0.016"
"2022/07/17","07:00","-0.169","-","-0.126"
"2022/07/17","08:00","-0.132","-","-0.083"
"2022/07/17","09:00","0.08","-","0.132"
"2022/07/17","10:00","0.412","-","0.482"
"2022/07/17","11:00","0.787","-","0.84"
"2022/07/17","12:00","1.123","-","1.186"
"2022/07/17","13:00","1.354","-","1.414"
"2022/07/17","14:00","1.445","-","1.464"
"2022/07/17","15:00","1.396","-","1.444"
"2022/07/17","16:00","1.243","-","1.265"
"2022/07/17","17:00","1.042","-","1.097"
"2022/07/17","18:00","0.859","-","0.897"
"2022/07/17","19:00","0.753","-","0.788"
"2022/07/17","20:00","0.757","-","0.833"
"2022/07/17","21:00","0.873","-","0.96"
"2022/07/17","22:00","1.07","-","1.108"
"2022/07/17","23:00","1.291","-","1.316"
"2022/07/18","00:00","1.471","-","1.519"
"2022/07/18","01:00","1.553","-","1.6"
"2022/07/18","02:00","1.5","-","1.564"
"2022/07/18","03:00","1.31","-","1.369"
"2022/07/18","04:00","1.013","-","1.029"
"2022/07/18","05:00","0.665","-","0.698"
"2022/07/18","06:00","0.34","-","0.396"
"2022/07/18","07:00","0.108","-","0.154"
"2022/07/18","08:00","0.021","-","0.056"
"2022/07/18","09:00","0.097","-","0.135"
"2022/07/18","10:00","0.318","-","0.375"
"2022/07/18","11:00","0.634","-","0.673"
"2022/07/18","12:00","0.974","-","0.986"
"2022/07/18","13:00","1.266","-","1.311"
"2022/07/18","14:00","1.454","-","1.493"
"2022/07/18","15:00","1.509","-","1.552"
"2022/07/18","16:00","1.432","-","1.441"
"2022/07/18","17:00","1.258","-","1.268"
"2022/07/18","18:00","1.041","-","1.068"
"2022/07/18","19:00","0.841","-","0.868"
"2022/07/18","20:00","0.712","-","0.737"
"2022/07/18","21:00","0.682","-","0.733"
"2022/07/18","22:00","0.754","-","0.792"
"2022/07/18","23:00","0.902","-","0.95"
"2022/07/19","00:00","1.082","-","1.096"
"2022/07/19","01:00","1.237","-","1.247"
"2022/07/19","02:00","1.318","-","1.32"
"2022/07/19","03:00","1.293","-","1.326"
"2022/07/19","04:00","1.156","-","1.198"
"2022/07/19","05:00","0.932","-","0.953"
"2022/07/19","06:00","0.671","-","0.679"
"2022/07/19","07:00","0.434","-","0.448"
"2022/07/19","08:00","0.277","-","0.304"
"2022/07/19","09:00","0.242","-","0.261"
"2022/07/19","10:00","0.341","-","0.4"
"2022/07/19","11:00","0.557","-","0.633"
"2022/07/19","12:00","0.845","-","0.888"
"2022/07/19","13:00","1.146","-","1.19"
"2022/07/19","14:00","1.395","-","1.42"
"2022/07/19","15:00","1.542","-","1.566"
"2022/07/19","16:00","1.563","-","1.549"
"2022/07/19","17:00","1.46","-","1.458"
"2022/07/19","18:00","1.266","-","1.257"
"2022/07/19","19:00","1.031","-","1.04"
"2022/07/19","20:00","0.81","-","0.825"
"2022/07/19","21:00","0.65","-","0.683"
"2022/07/19","22:00","0.58","-","0.605"
"2022/07/19","23:00","0.608","-","0.62"
"2022/07/20","00:00","0.716","-","0.74"
"2022/07/20","01:00","0.866","-","0.885"
"2022/07/20","02:00","1.013","-","1.033"
"2022/07/20","03:00","1.11","-","1.134"
"2022/07/20","04:00","1.126","-","1.12"
"2022/07/20","05:00","1.052","-","1.03"
"2022/07/20","06:00","0.906","-","0.881"
"2022/07/20","07:00","0.727","-","0.738"
"2022/07/20","08:00","0.566","-","0.589"
"2022/07/20","09:00","0.467","-","0.501"
"2022/07/20","10:00","0.466","-","0.476"
"2022/07/20","11:00","0.573","-","0.617"
"2022/07/20","12:00","0.774","-","0.798"
"2022/07/20","13:00","1.032","-","1.045"
"2022/07/20","14:00","1.294","-","1.309"
"2022/07/20","15:00","1.503","-","1.465"
"2022/07/20","16:00","1.614","-","1.579"
"2022/07/20","17:00","1.602","-","1.563"
"2022/07/20","18:00","1.474","-","1.433"
"2022/07/20","19:00","1.258","-","1.253"
"2022/07/20","20:00","1.001","-","1"
"2022/07/20","21:00","0.753","-","0.761"
"2022/07/20","22:00","0.561","-","0.577"
"2022/07/20","23:00","0.456","-","0.475"